<?xml version="1.0" encoding="UTF-8"?>
<!DOCTYPE hibernate-configuration PUBLIC
	"-//Hibernate/Hibernate Configuration DTD 3.0//EN"
	"http://www.hibernate.org/dtd/hibernate-configuration-3.0.dtd">
<hibernate-configuration>
	<session-factory>
		<property name="connection.driver_class">com.mysql.cj.jdbc.Driver</property>
		<property name="connection.url">jdbc:mysql://localhost/myhiber</property>
		<property name="connection.username">root</property>
		<property name="connection.password">Niharika2001</property>
		<property name="dialect">org.hibernate.dialect.MySQL8Dialect</property>
		<property name="connection.pool_size">3</property>
		<property name="current_session_context_class">thread</property>
		<property name="show_sql">true</property>
		<property name="format_sql">true</property>
		<property name="hbm2ddl.auto">update</property>

		<mapping class="inhe.Emp" />
		<mapping class="inhe.regularemp"></mapping>
		<mapping class="inhe.contractemp"></mapping>
		

	</session-factory>


</hibernate-configuration>