<?xml version="1.0" encoding="UTF-8"?>
<!DOCTYPE hibernate-configuration SYSTEM
	"http://www.hibernate.org/dtd/hibernate-configuration-3.0.dtd">
	
<hibernate-configuration>
<session-factory>
<property name="hibernate.dialect">org.hibernate.dialect.MySQL5Dialect</property>
<property name="hibernate.connection.driver_class">com.mysql.cj.jdbc.Driver</property>
<property name="hibernate.connection.url">jdbc:mysql://localhost/project</property>
<property name="hibernate.connection.username">root</property>
<property name="hibernate.connection.password">Niharika2001</property>
<property name="hibernate.show_sql">true</property>
<property name="format_sql">true</property>
  <property name="hbm2ddl.auto">update</property>
<!--  
<mapping resource="Employee_hbm.xml"/>
-->

<mapping class="com.basic.Student"/>
<mapping class="com.table_per_heirarchy.EmployeeNew"></mapping>
<mapping class="com.table_per_heirarchy.ContractEmployee"></mapping>
<mapping class="com.table_per_heirarchy.RegularEmployee"></mapping>

<!-- Table per concrete -->
<mapping class="com.table_per_concrete.Teacher"></mapping>
<mapping class="com.table_per_concrete.Senior_Faculty"></mapping>
<mapping class="com.table_per_concrete.GusetFaculty"></mapping>



<!--com.table_per_subclass  -->
<mapping class="com.table_per_subclass.person"></mapping>
<mapping class="com.table_per_subclass.Company_Clinent"></mapping>
<mapping class="com.table_per_subclass.Company_Employee"></mapping>


<!-- one to one -->
<mapping class="com.one_to_one.Address"></mapping>
<mapping class="com.one_to_one.Customer"></mapping>

<!-- many to many -->
<mapping class="com.One_to_Many.answer"></mapping>
<mapping class="com.One_to_Many.question"></mapping>

<!-- many to one -->
<mapping class="com.many_to_one.college"></mapping>
<mapping class="com.many_to_one.Cooredinator"></mapping>

<!-- many to many -->

<mapping class="Many_to_Many.Player"></mapping>
<mapping class="Many_to_Many.Sports"></mapping>




</session-factory>
</hibernate-configuration>